<?xml version="1.0" encoding="UTF-8"?>
<project-private xmlns="http://www.netbeans.org/ns/project-private/1">
    <editor-bookmarks xmlns="http://www.netbeans.org/ns/editor-bookmarks/2" lastBookmarkId="0"/>
    <open-files xmlns="http://www.netbeans.org/ns/projectui-open-files/2">
        <group>
            <file>file:/C:/Users/evana/OneDrive/Documents/NetBeansProjects/CourseSchedulerEvanAukerEPA5299/src/ScheduleEntry.java</file>
            <file>file:/C:/Users/evana/OneDrive/Documents/NetBeansProjects/CourseSchedulerEvanAukerEPA5299/src/ScheduleQueries.java</file>
            <file>file:/C:/Users/evana/OneDrive/Documents/NetBeansProjects/CourseSchedulerEvanAukerEPA5299/src/StudentQueries.java</file>
            <file>file:/C:/Users/evana/OneDrive/Documents/NetBeansProjects/CourseSchedulerEvanAukerEPA5299/src/CourseQueries.java</file>
            <file>file:/C:/Users/evana/OneDrive/Documents/NetBeansProjects/CourseSchedulerEvanAukerEPA5299/src/MainFrame.java</file>
        </group>
    </open-files>
</project-private>
